<?xml version="1.0" encoding="UTF-8"?>

<!DOCTYPE suite SYSTEM "http://testng.org/testng-1.0.dtd">

<suite name="Suite" parallel="none">

	<test name="FirefoxTest">

		<parameter name="browser" value="firefox" />

		<classes>

			<class
				name="BrandLabsQC.DemoMOATSSeleniumApplitools.VisualAutomationMOAT" />

		</classes>

	</test>

	<test name="EdgeTest">

		<parameter name="browser" value="edge" />

		<classes>

			<class
				name="BrandLabsQC.DemoMOATSSeleniumApplitools.VisualAutomationMOAT" />

		</classes>

	</test>

	<test name="ChromeTest">

		<parameter name="browser" value="chrome" />

		<classes>

			<class
				name="BrandLabsQC.DemoMOATSSeleniumApplitools.VisualAutomationMOAT" />

		</classes>

	</test>

</suite>